IPv4Address,Description
42.51.34.152,xStart C2
120.78.93.188,xStart C2
122.51.45.174,xStart C2
47.103.220.119,xStart C2
47.94.85.117,xStart C2
173.82.173.23,xStart C2
47.94.195.92,xStart C2
45.32.127.163,xStart C2
36.99.196.223,Elysion signed binary C2
183.131.211.238,Elysion signed binary C2
58.215.146.112,Elysion signed binary C2
123.129.244.250,Elysion signed binary C2
119.36.48.183,Elysion signed binary C2
119.167.173.228,Elysion signed binary C2
42.48.120.127,Elysion signed binary C2
118.180.35.222,Elysion signed binary C2
34.92.61.61,Elysion signed binary C2
45.199.113.43,Elysion signed binary C2
175.24.3.61,Elysion signed binary C2
172.86.70.121,Eagle Investments signed binary C2
39.102.48.190,Eagle Investments signed binary C2
125.39.135.217,Eagle Investments signed binary C2
103.242.134.79,Eagle Investments signed binary C2
39.99.245.93,Eagle Investments signed binary C2
47.242.33.230,Extra infrastructure
139.180.196.159,Extra infrastructure
45.76.192.128,Extra infrastructure
47.242.174.173,Extra infrastructure
8.210.43.38,Extra infrastructure
47.242.47.108,Extra infrastructure
198.13.39.25,Extra infrastructure
8.210.74.149,Extra infrastructure
45.32.51.126,Extra infrastructure
149.248.11.177,Extra infrastructure
8.210.120.8,Extra infrastructure
216.24.180.20,Extra infrastructure
149.28.30.13,Extra infrastructure
45.63.124.160,Extra infrastructure
45.32.13.207,Extra infrastructure
45.76.221.153,Extra infrastructure
104.156.238.237,Extra infrastructure
198.13.63.115,Extra infrastructure
45.76.223.225,Extra infrastructure
45.32.36.106,Extra infrastructure
8.210.29.183,Extra infrastructure
42.51.42.178,Extra infrastructure
108.160.138.99,Extra infrastructure
207.148.93.183,Extra infrastructure
207.148.118.99,Extra infrastructure
8.210.66.64,Extra infrastructure
8.210.23.243,Extra infrastructure
112.25.155.51,Extra infrastructure
202.182.126.38,Extra infrastructure
45.77.176.94,Extra infrastructure
202.182.122.143,Extra infrastructure
8.210.130.151,Extra infrastructure
139.180.204.59,Extra infrastructure
45.76.55.52,Extra infrastructure
139.180.223.163,Extra infrastructure